{
    "unitData": [
        {
            "id": "001",
            "label": "空军XX单位",
            "children": [
                {
                    "id": "001-1",
                    "parentId": "001",
                    "label": "单位1",
                    "children": [
                        {
                            "id": "001-1-1",
                            "label": "单位1部门1",
                            "parentId": "001-1"
                        },
                        {
                            "id": "001-1-2",
                            "label": "单位1部门2",
                            "parentId": "001-1"
                        }
                    ]
                },
                {
                    "id": "001-2",
                    "parentId": "001",
                    "label": "单位2",
                    "children": [
                        {
                            "id": "001-2-1",
                            "label": "单位2部门1",
                            "parentId": "001-2"
                        },
                        {
                            "id": "001-2-2",
                            "label": "单位2部门2",
                            "parentId": "001-2"
                        }
                    ]
                }
            ]
        },
        {
            "id": "002",
            "label": "陆军XX单位",
            "children": [
                {
                    "id": "002-1",
                    "parentId": "002",
                    "label": "单位1",
                    "children": [
                        {
                            "id": "002-1-1",
                            "label": "单位1部门1",
                            "parentId": "002-1"
                        },
                        {
                            "id": "002-1-2",
                            "label": "单位1部门2",
                            "parentId": "002-1"
                        }
                    ]
                },
                {
                    "id": "002-2",
                    "parentId": "002",
                    "label": "单位2",
                    "children": [
                        {
                            "id": "002-2-1",
                            "label": "单位2部门1",
                            "parentId": "002-2"
                        },
                        {
                            "id": "002-2-2",
                            "label": "单位2部门2",
                            "parentId": "002-2"
                        }
                    ]
                }
            ]
        }
    ]
}