{
    "personCategroy": [
        {
            "militaryType": "A_001",
            "color": {
                "r": 111,
                "g": 43,
                "b": 200,
                "a": 1
            },
            "id": "",
            "militaryName": "北部战区",
            "locations": [
                {
                    "lat": 42.4534456,
                    "lng": 119.555555,
                    "name": "",
                    "id": "A_001_0001"
                },
                {
                    "lat": 39.66547788,
                    "lng": 118.34827737,
                    "name": "",
                    "id": "A_001_0002"
                },
                {
                    "lat": 44.4534466,
                    "lng": 119.8234444,
                    "name": "",
                    "id": "A_001_0003"
                },
                {
                    "lat": 36.8776699,
                    "lng": 118.45667444,
                    "name": "",
                    "id": "A_001_0004"
                },
                {
                    "lat": 36.533423,
                    "lng": 118.34827737,
                    "name": "",
                    "id": "A_001_0005"
                },
                {
                    "lat": 45.4534456,
                    "lng": 118.644334,
                    "name": "",
                    "id": "A_001_0006"
                }
            ]
        },
        {
            "militaryType": "A_002",
            "color": {
                "r": 45,
                "g": 155,
                "b": 123,
                "a": 1
            },
            "id": "",
            "militaryName": "中部战区",
            "locations": [
                {
                    "lng": 116.087665,
                    "lat": 38.0348923,
                    "name": "",
                    "id": "A_002_0001"
                },
                {
                    "lng": 115.655775,
                    "lat": 40.567433,
                    "name": "",
                    "id": "A_002_0002"
                },
                {
                    "lng": 113.786544,
                    "lat": 41.56332333,
                    "name": "",
                    "id": "A_002_0003"
                },
                {
                    "lng": 114.0393444,
                    "lat": 35.93092333,
                    "name": "",
                    "id": "A_002_0004"
                },
                {
                    "lng": 113.234526,
                    "lat": 34.46245245,
                    "name": "",
                    "id": "A_002_0005"
                },
                {
                    "lng": 115.034526,
                    "lat": 35.46245245,
                    "name": "",
                    "id": "A_002_0006"
                }
            ]
        },
        {
            "militaryType": "A_003",
            "color": {
                "r": 110,
                "g": 80,
                "b": 200,
                "a": 1
            },
            "id": "",
            "militaryName": "西部战区",
            "locations": [
                {
                    "lng": 90.4554634,
                    "lat": 35.4422332323,
                    "name": "",
                    "id": "A_003_0001"
                },
                {
                    "lng": 96.432355,
                    "lat": 36.232123,
                    "name": "",
                    "id": "A_003_0002"
                },
                {
                    "lng": 94.4563423,
                    "lat": 33.6323354,
                    "name": "",
                    "id": "A_003_0003"
                },
                {
                    "lng": 98.43234355,
                    "lat": 38.34343323,
                    "name": "",
                    "id": "A_003_0004"
                },
                {
                    "lng": 93.0334223,
                    "lat": 35.23445465,
                    "name": "",
                    "id": "A_003_0005"
                },
                {
                    "lng": 91.0334223,
                    "lat": 37.76548,
                    "name": "",
                    "id": "A_003_0006"
                },
                {
                    "lng": 90.0334223,
                    "lat": 39.23445465,
                    "name": "",
                    "id": "A_003_0007"
                }
            ]
        },
        {
            "militaryType": "A_004",
            "color": {
                "r": 233,
                "g": 127,
                "b": 199,
                "a": 1
            },
            "id": "",
            "militaryName": "南部战区",
            "locations": [
                {
                    "lng": 113.930234334,
                    "lat": 26.4422332323,
                    "name": "",
                    "id": "A_004_0001"
                },
                {
                    "lng": 112.432355,
                    "lat": 23.56332333,
                    "name": "",
                    "id": "A_004_0002"
                },
                {
                    "lng": 110.432355,
                    "lat": 23.43425523,
                    "name": "",
                    "id": "A_004_0003"
                },
                {
                    "lng": 109.432355,
                    "lat": 30.56332333,
                    "name": "",
                    "id": "A_004_0004"
                },
                {
                    "lng": 106.0334223,
                    "lat": 24.23445465,
                    "name": "",
                    "id": "A_004_0005"
                },
                {
                    "lng": 108.0334223,
                    "lat": 28.563434,
                    "name": "",
                    "id": "A_004_0006"
                },
                {
                    "lng": 103.2334223,
                    "lat": 23.8953423,
                    "name": "",
                    "id": "A_004_0007"
                },
                {
                    "lng": 105.342464,
                    "lat": 24.9834325,
                    "name": "",
                    "id": "A_004_0008"
                },
                {
                    "lng": 105.0334223,
                    "lat": 23.564876,
                    "name": "",
                    "id": "A_004_0009"
                }
            ]
        },
        {
            "militaryType": "A_005",
            "color": {
                "r": 90,
                "g": 120,
                "b": 234,
                "a": 1
            },
            "id": "",
            "militaryName": "东部战区",
            "locations": [
                {
                    "lng": 118.5745386,
                    "lat": 32.43866345,
                    "name": "",
                    "id": "A_005_0001"
                },
                {
                    "lng": 119.77334530,
                    "lat": 30.53723244,
                    "name": "",
                    "id": "A_005_0002"
                },
                {
                    "lng": 118.42512334,
                    "lat": 31.44665334,
                    "name": "",
                    "id": "A_005_0003"
                },
                {
                    "lng": 119.04884456,
                    "lat": 33.3342678,
                    "name": "",
                    "id": "A_005_0004"
                },
                {
                    "lng": 117.456357547,
                    "lat": 32.7454545,
                    "name": "",
                    "id": "A_005_0005"
                },
                {
                    "lng": 117.456357547,
                    "lat": 32.7454545,
                    "name": "",
                    "id": "A_005_0006"
                },
                {
                    "lng": 116.456357547,
                    "lat": 27.657544,
                    "name": "",
                    "id": "A_005_0007"
                },
                {
                    "lng": 117.298754,
                    "lat": 30.4587608,
                    "name": "",
                    "id": "A_005_0008"
                },
                {
                    "lng": 116.298754,
                    "lat": 28.4587608,
                    "name": "",
                    "id": "A_005_0009"
                }
            ]
        }
       
    ]
}