{
    "personCategroy": [
        {
            "personType": "A_001",
            "color": {
                "r": 138,
                "g": 43,
                "b": 226,
                "a": 1
            },
            "id": "",
            "militaryName": "军职以上主官",
            "locations": [
                {
                    "lat": 36.4534456,
                    "lng": 118.34827737,
                    "name": "",
                    "id": "A_001_0001"
                },
                {
                    "lat": 37.66547788,
                    "lng": 117.34827737,
                    "name": "",
                    "id": "A_001_0002"
                },
                {
                    "lat": 38.13244443,
                    "lng": 117.78655499,
                    "name": "",
                    "id": "A_001_0003"
                },
                {
                    "lat": 37.4534456,
                    "lng": 118.34827737,
                    "name": "",
                    "id": "A_001_0004"
                },
                {
                    "lat": 33.4534456,
                    "lng": 117.2311111,
                    "name": "",
                    "id": "A_001_0005"
                }
            ]
        },
        {
            "personType": "A_002",
            "color": {
                "r": 165,
                "g": 43,
                "b": 42,
                "a": 1
            },
            "id": "",
            "militaryName": "其他军职以上干部",
            "locations": [
                {
                    "lng": 114.994343,
                    "lat": 39.0348923,
                    "name": "",
                    "id": "A_002_0001"
                },
                {
                    "lng": 112.4546232,
                    "lat": 31.34232323,
                    "name": "",
                    "id": "A_002_0002"
                },
                {
                    "lng": 119.432355,
                    "lat": 35.56332333,
                    "name": "",
                    "id": "A_002_0003"
                },
                {
                    "lng": 112.432355,
                    "lat": 34.56332333,
                    "name": "",
                    "id": "A_002_0004"
                },
                {
                    "lng": 115.344522,
                    "lat": 36.4535324,
                    "name": "",
                    "id": "A_002_0005"
                }
            ]
        },
        {
            "personType": "A_003",
            "color": {
                "r": 95,
                "g": 158,
                "b": 160,
                "a": 1
            },
            "id": "",
            "militaryName": "部队师旅团主官",
            "locations": [
                {
                    "lng": 112.4554634,
                    "lat": 33.4422332323,
                    "name": "",
                    "id": "A_003_0001"
                },
                {
                    "lng": 116.432355,
                    "lat": 37.232123,
                    "name": "",
                    "id": "A_003_0002"
                },
                {
                    "lng": 115.4563423,
                    "lat": 34.6323354,
                    "name": "",
                    "id": "A_003_0003"
                },
                {
                    "lng": 113.43234355,
                    "lat": 37.34343323,
                    "name": "",
                    "id": "A_003_0004"
                },
                {
                    "lng": 118.0334223,
                    "lat": 40.23445465,
                    "name": "",
                    "id": "A_003_0005"
                }
            ]
        },
        {
            "personType": "A_004",
            "color": {
                "r": 255,
                "g": 127,
                "b": 80,
                "a": 1
            },
            "id": "",
            "militaryName": "部队其他师旅团干部",
            "locations": [
                {
                    "lng": 113.930234334,
                    "lat": 33.4422332323,
                    "name": "",
                    "id": "A_004_0001"
                },
                {
                    "lng": 113.432355,
                    "lat": 33.56332333,
                    "name": "",
                    "id": "A_004_0002"
                },
                {
                    "lng": 116.432355,
                    "lat": 35.56332333,
                    "name": "",
                    "id": "A_004_0003"
                },
                {
                    "lng": 114.432355,
                    "lat": 38.56332333,
                    "name": "",
                    "id": "A_004_0004"
                },
                {
                    "lng": 116.0334223,
                    "lat": 37.23445465,
                    "name": "",
                    "id": "A_004_0005"
                }
            ]
        },
        {
            "personType": "A_005",
            "color": {
                "r": 255,
                "g": 20,
                "b": 147,
                "a": 1
            },
            "id": "",
            "militaryName": "营连主官",
            "locations": [
                {
                    "lng": 115.5745386,
                    "lat": 39.43866345,
                    "name": "",
                    "id": "A_005_0001"
                },
                {
                    "lng": 114.77334530,
                    "lat": 35.53723244,
                    "name": "",
                    "id": "A_005_0002"
                },
                {
                    "lng": 119.42512334,
                    "lat": 41.44665334,
                    "name": "",
                    "id": "A_005_0003"
                },
                {
                    "lng": 118.04884456,
                    "lat": 37.3342678,
                    "name": "",
                    "id": "A_005_0004"
                },
                {
                    "lng": 117.456357547,
                    "lat": 34.7454545,
                    "name": "",
                    "id": "A_005_0005"
                }
            ]
        },
        {
            "personType": "A_006",
            "color": {
                "r": 255,
                "g": 215,
                "b": 0,
                "a": 1
            },
            "id": "",
            "militaryName": "基层其他营连以下干部",
            "locations": [
                {
                    "lng": 115.4422336,
                    "lat": 36.9949823,
                    "name": "",
                    "id": "A_006_0001"
                },
                {
                    "lng": 113.7544223,
                    "lat": 37.1233577,
                    "name": "",
                    "id": "A_006_0002"
                },
                {
                    "lng": 119.2322336,
                    "lat": 40.209937485,
                    "name": "",
                    "id": "A_006_0003"
                },
                {
                    "lng": 118.4462346,
                    "lat": 39.43673423,
                    "name": "",
                    "id": "A_006_0004"
                },
                {
                    "lng": 115.0334223,
                    "lat": 39.56634346,
                    "name": "",
                    "id": "A_006_0005"
                }
            ]
        },
        {
            "personType": "A_007",
            "color": {
                "r": 63,
                "g": 211,
                "b": 25,
                "a": 1
            },
            "id": "",
            "militaryName": "机关干部",
            "locations": [
                {
                    "lng": 115.34234342,
                    "lat": 38.3034235234,
                    "name": "",
                    "id": "A_007_0001"
                },
                {
                    "lng": 117.43437034,
                    "lat": 39.32454645,
                    "name": "",
                    "id": "A_007_0002"
                },
                {
                    "lng": 116.23452345,
                    "lat": 40.03445403,
                    "name": "",
                    "id": "A_007_0003"
                },
                {
                    "lng": 116.634094,
                    "lat": 35.45903434,
                    "name": "",
                    "id": "A_007_0004"
                },
                {
                    "lng": 117.240234,
                    "lat": 36.3245673,
                    "name": "",
                    "id": "A_007_0005"
                }
            ]
        },
        {
            "personType": "A_008",
            "color": {
                "r": 205,
                "g": 20,
                "b": 195,
                "a": 1
            },
            "id": "",
            "militaryName": "院校科研医疗单位",
            "locations": [
                {
                    "lng": 114.930234334,
                    "lat": 37.92493459,
                    "name": "",
                    "id": "A_008_0001"
                },
                {
                    "lng": 119.2450393,
                    "lat": 37.34834944,
                    "name": "",
                    "id": "A_008_0002"
                },
                {
                    "lng": 113.599434,
                    "lat": 36.394068,
                    "name": "",
                    "id": "A_008_0003"
                },
                {
                    "lng": 117.39834588,
                    "lat": 35.9948304,
                    "name": "",
                    "id": "A_008_0004"
                },
                {
                    "lng": 116.093943,
                    "lat": 41.5482394,
                    "name": "",
                    "id": "A_008_0005"
                }
            ]
        }
    ]
}